{

    "common":{
               "previous_eng":"Previous",
               "previous_tch ":"上一頁",
               "previous_sch ":"上一页",
               "previous_jpn":"前へ",
               "previous_kor":"이전 단계",
               "previous_fre":"Précédent",
               "previous_ger":"Zurück",
               "home":"Home",
               "info":"Info",
               "ipod":"iPod",
               "flightinfo":"Flight<br>Info",
               "screenoff":"Screen Off",
               "to_eng":"To",
               "to_tch ":"往",
               "to_sch ":"往",
               "to_jpn":"To",
               "to_kor":"도착",
               "to_fre":"Vers",
               "to_ger":"-",
               "weatherat_eng":"Weather at ^^^",
               "weatherat_tch ":"^^^ 當地天氣",
               "weatherat_sch ":"^^^ 当地天气",
               "weatherat_jpn":"^^^ の天候",
               "weatherat_kor":"^^^ 현지날씨",
               "weatherat_fre":"Météo à ^^^",
               "weatherat_ger":"Wetter ^^^",
               "localtimeat_eng":"Local Time at ^^^",
               "localtimeat_tch ":"^^^ 當地時間",
               "localtimeat_sch ":"^^^ 当地时间",
               "localtimeat_jpn":"^^^ 現地時刻",
               "localtimeat_kor":"^^^ 현지 시각",
               "localtimeat_fre":"Heure locale à ^^^",
               "localtimeat_ger":"Ortszeit ^^^",
               "am_eng":"^^^ am",
               "am_tch ":"上午 ^^^",
               "am_sch ":"上午 ^^^",
               "am_jpn":"午前 ^^^",
               "am_kor":"오전 ^^^",
               "am_fre":"^^^ am",
               "am_ger":"^^^ am",
               "pm_eng":"^^^ pm",
               "pm_tch ":"下午 ^^^",
               "pm_sch ":"下午 ^^^",
               "pm_jpn":"午後 ^^^",
               "pm_kor":"오후 ^^^",
               "pm_fre":"^^^ pm",
               "pm_ger":"^^^ pm",
               "welcome_message_eng":"Welcome Aboard",
               "welcome_message_tch ":"歡迎各位乘客",
               "welcome_message_sch ":"欢迎各位乘客",
               "welcome_message_jpn":"ようこそ",
               "welcome_message_kor":"탑승을 환영합니다",
               "welcome_message_fre":"Bienvenue à bord",
               "welcome_message_ger":"Willkommen!",
               "flightorigin":"Origin",
               "flightdestination":"Destination",
               "timeat":"Time At ^^^",
               "flightnumberwel_eng":"Flight Number",
               "flightnumberwel_tch ":"航班編號",
               "flightnumberwel_sch ":"航班编号",
               "flightnumberwel_jpn":"便名",
               "flightnumberwel_kor":"편명",
               "flightnumberwel_fre":"Numéro de Vol",
               "flightnumberwel_ger":"Flugnummer",
               "flightnumber":"Flight Number",
               "audiopatext":"Audio PA is in progress",
               "close":"Close",
               "serviceUnavailableTitle":"Service Unavailable.",
               "serviceUnavailableDesc":"Sorry, your selection is currently unavailable.",
               "timetowel_eng":"Time to ^^^",
               "timetowel_tch ":"往 ^^^ 之時間",
               "timetowel_sch ":"往 ^^^ 之时间",
               "timetowel_jpn":"^^^ まで",
               "timetowel_kor":"^^^ 까지 소요 시간",
               "timetowel_fre":"Durée du vol vers ^^^",
               "timetowel_ger":"Flugzeit nach ^^^",
               "timeto":"Time to ^^^",
               "entoffdelay":"Entertainment System will end in 10 minutes.",
               "entoffdelaytitle":"Prepare for Landing",
               "entoffdelaydesc":"The Entertainment system is now turned off. In preparation for landing, please ensure:",
               "entoffdelaycap1":"Your arrival card is completed.",
               "entoffdelaycap2":"Your seat and shoulder belts are fastened.",
               "entoffdelaycap3":"Your table and footrest are secured.",
               "entoffdelaycap4":"Your seat back is in the landing position.",
               "entoffdelaycap5":"Your bag is securely stowed.",
               "wifiunavailable":"Connect<sup>CX</sup> is unavailable.",
               "wifiavailable":"Connect<sup>CX</sup> is currently available.",
               "finished":"Done"
   },
    "movies":{
               "playmovie":"Play Movie",
               "removefromplaylist":"Remove from Playlist",
               "addtoplaylist":"Add to Playlist",
               "playtrailer":"Play Trailer",
               "playlist":"Playlist",
               "stoptrailer":"Stop Trailer",
               "description":"Description",
               "director":"Director:",
               "cast":"Cast:",
               "language":"Languages",
               "review":"Review",
               "guidelines":"Guidelines",
               "exit":"Exit",
               "widescreen":"Widescreen",
               "normalscreen":"4 : 3",
               "languages":"Languages",
               "subtitles":"Subtitles",
               "lesstimetitle":"Your journey is ending soon.",
               "back":"Back",
               "items":"Items",
               "hideplaylist":"Hide Playlist",
               "playepisode":"Play Episode",
               "movies":"Movies",
               "subtitlestext":"Press <ENTER> to select subtitles.",
               "languagestext":"Press <ENTER> to select languages.",
               "no_subtitles":"None",
               "resume_movie":"Resume Movie",
               "resume_movie_desc":"Do you want to resume movie from where it was last played? Or start from the beginning?",
               "resume":"Resume",
               "restart":"Start from beginning",
               "guideline_I":"Aircraft incident",
               "guideline_N":"Nudity",
               "guideline_P":"Political theme",
               "guideline_R":"Religious content",
               "guideline_L":"Strong language",
               "guideline_A":"Strong adult theme",
               "guideline_S":"Sexual content",
               "guideline_V":"Violence/gore",
               "no_time_title":"Insufficient Time",
               "no_time_desc":"You may not be able to finish the programme before landing. Continue?",
               "yes":"Yes",
               "no":"No"
   },
    "audio":{
               "playalbum":"Play Album",
               "stopalbum":"Stop Album",
               "removealltracks":"Remove",
               "addalltracks":"Playlist Add All",
               "trackname":"Track Name",
               "duration":"Duration",
               "nowplaying":"Now Playing:",
               "tracks":"Tracks",
               "tracklisting":"Track Listing",
               "albums":"Albums",
               "nothingplaying":"Nothing Playing:"
   },
    "kids":{
               "thmtitle":"Choose a theme",
               "lock_eng":"Lock",
               "lock_tch ":"封鎖",
               "lock_sch ":"封锁",
               "lock_jpn":"ロック",
               "lock_kor":"잠그기",
               "lock_fre":"Verrouiller",
               "lock_ger":"Sperren",
               "locktitle":"Parental Lock",
               "lockdesc1":"You can only access the Kids programmes if you activate Parental Lock. Do you wish to continue?",
               "lockdesc2":"To unlock please contact our cabin crew.",
               "lockyes":"Yes",
               "lockno":"No",
               "playrandom":"Shuffle Play"
   },
    "tv":{
               "episodes":"Episodes"
   },
    "games":{
               "playgame":"Launch Game",
               "launch_title":"Please wait while game is loading…",
               "launch_desc":"Please use this side of the controller when playing games and hold the handset in the horizontal position."
   },
    "playlist":{
               "playlist":"Playlist",
               "playplaylist":"Play Playlist",
               "stopplaylist":"Stop Playlist",
               "random":"Shuffle Play",
               "description":"Description",
               "items":"Items",
               "up":"Up",
               "down":"Down",
               "remove":"Remove",
               "all":"ALL",
               "nowplaying":"Now Playing:",
               "nothingplaying":"Nothing Playing:",
               "inorder":"Reorder",
               "movie":"Movies",
               "aod":"Music",
               "tv":"TV",
               "randomoff":"Shuffle Off",
               "helpTitle":"Your Playlist is currently empty.",
               "helpSubTitle":"Adding to your playlist",
               "helpDesc":"Create your own mix by adding a playlist of movies, TV programs or music in the order you want. Select the <img src='/tmp/interactive/design0/common/help_default.png'/> at the top or '(i)' button from the handset for instruction on how to create playlist. You can return to previous page by selecting 'Description' button.",
               "close":"Close",
               "editplaylist":"Edit Playlist",
               "playlistFullTitle":"Your Playlist is full.",
               "playlistFullDesc":"Do you want to edit your playlist?",
               "playlistVideoTitle":"Video on Playlist",
               "watchVideoButton":"Play Video",
               "stopPlaylistButton":"Stop Playlist",
               "playlistVideoDesc1":"The next item in your playlist is video. <br>Do you want to watch the video or stop the playlist?",
               "helpDescF4":"Create your own mix by adding a playlist of movies, TV programs or music in the order you want. Select the <img src='/tmp/interactive/viewAssets/assets0/images/help_default.png'/> at the top or '(i)' button from the handset for instruction on how to create playlist. You can return to previous page by selecting 'Description' button."
   },
    "maps":{
               "movingmap":"Moving Map",
               "outsidecamera":"Outside Camera",
               "normal":"4 : 3",
               "widescreen":"Widescreen",
               "exit":"Exit"
   },
    "connect":{
               "connecthighlight":"4 : 3"
   },
    "wifi":{
               "playwifi":"Play Video"
   },
    "callalert":{
               "device_connected":"Please name your connected mobile device.",
               "save":"Save",
               "add_device":"Add Mobile Device",
               "add_device_inst1":"Please send a text message from your mobile device to activate 'Call Alert'.",
               "add_device_inst2":"You can add up to 4 mobile devices.",
               "add_device_inst3":"Please press '-' to remove your device.",
               "cancel":"Cancel",
               "device_incoming":"'^^^' has an incoming call.",
               "setupcall":"Call Alert setup",
               "device_incoming_msg":"'^^^' has an incoming message.",
               "sms":"SMS",
               "to":"To",
               "full":"Full",
               "device_success":"Call Alert is registered.",
               "callalert_available":"Call Alert is available.",
               "callalert_unavailable":"Call Alert is unavailable."
   },
    "numpad":{
               "one":"1",
               "two":"2",
               "three":"3",
               "four":"4",
               "five":"5",
               "six":"6",
               "seven":"7",
               "eight":"8",
               "nine":"9",
               "zero":"0",
               "del":"DEL",
               "clr":"CLR"
   },
    "telephony":{
               "callDesc":"You can make calls through interactive system.",
               "call":"Call",
               "hangup":"Hang Up",
               "cancel":"Cancel",
               "telnote":"Telephone Number (Please include the country codes at all times.)",
               "handsetNote":"by using the handset.",
               "enterNote":"Press *graphic* to select a number.",
               "ccswipetitle":"Swipe your Card",
               "ccswipedesc":"You can swipe your card either on the front of the screen or on the handset.",
               "cardaccepted":"Card Accepted",
               "checkingcard":"Validation…",
               "carderrror":"Credit card not accepted",
               "ccnote":"We accept these cards.",
               "dialing":"Dialing…",
               "connected":"Connected",
               "busy":"The line is busy",
               "queued":"Queuing",
               "callended":"Call Ended"
   },
    "settings":{
               "crewcall":"Crew Service",
               "volume":"Volume",
               "brightness":"Brightness",
               "light":"Reading Light"
   },
    "ipod":{
               "ipodconnected":"iPod connected",
               "ipodnotconnected":"iPod is not connected",
               "ipoddisconnected":"iPod is now disconnected",
               "ipodphase1controlinst":"Use your iPod to control the video",
               "step1desc":"An iPod has been connected and charging. What would you like to do?",
               "step1option1":"Play media from iPod",
               "step1option2":"Charge iPod",
               "step1option1desc":"You can play music, slideshows and video from your iPod through Studio<sup>CX</sup> screen and headphones.",
               "step1option2desc":"Or, you can charge your iPod while you are enjoying programs from Studio<sup>CX</sup>",
               "ipodtermstitle":"Terms and Conditions",
               "ipodtermsdesc":"This application reads data directly from your iPod for playback. None of the data on your iPod will be recorded.<br><br>Please note that Cathay Pacific Airways will not be held responsible in any way whatsoever for damages, whether direct or indirect, caused through use of this application and such damage including but not limited to damage to your iPod or loss of any or all of the data contained within.<br><br>Media with obscenity and indecency are to be avoided.<br><br>iPod is trademarks of Apple Inc., registered U.S. and other countries.",
               "step2option1":"Accept",
               "step2option2":"Decline",
               "ipodphaseselecttitle":"Choose iPod Controller",
               "ipodphaseselectdesc":"Would you like to control your iPod from Studio<sup>CX</sup>, or from the iPod?",
               "step3option1":"Control from Studio<sup>CX</sup>",
               "step3option2":"Control from iPod",
               "step3option1desc":"Browse media in your iPod from your Studio<sup>CX</sup>handset or touchscreen.",
               "step3option2desc":"Use your iPod controls to select your songs, pictures, or videos."
   },
    "ltn":{
               "relatednews":"Related News"
   },
    "facebook_twitter":{
               "introtitle":"Connect to Facebook and Twitter",
               "intromsg":"You can update your Facebook status or tweet your followers.",
               "introinst":"Login to your network",
               "fblogininst":"Please enter your login and password.",
               "twtlogininst":"Please enter your login and password.",
               "login":"Login:",
               "password":"Password:",
               "allnetwork":"All Networks",
               "fbtwtstatus":"Status",
               "fbtwtsynopsis":"Updates",
               "fbtwtsubmission":"Submission",
               "fbtwttime":"Time",
               "fbtwtoptions":"Options",
               "fbtwtretrieved":"Retrieved",
               "fbtwtsent":"Sent",
               "fbtwtaccdetret":"Account details retrieval",
               "fbtwtnapp":"N/A",
               "fbtwtmanual":"Manual",
               "fbtwtnone":"None",
               "fbtwtmapposition":"Map Position",
               "fbtwtretrievestatus":"Retrieve your status",
               "fbtwtpoststatus":"Post your status",
               "loginfailed":"Login Failed",
               "usernameincorrect":"Username or Password is incorrect. Please try again.",
               "reply":"Reply",
               "retweet1":"Retweet",
               "retutweets":"Retrieve your tweet",
               "postutweet":"Post your tweet",
               "logout":"Logout",
               "tweettext":"What's happening?",
               "posttweet":"Tweet",
               "retweet2":"Retweet",
               "postretweet":"Post Retweet",
               "logoutnexit":"Logout and Exit",
               "notlogin":"Account not logged in",
               "inactive":"Inactive",
               "connotavail":"Connectivity Not Available",
               "tryagain":"Connection error. Please try again later.",
               "continuebtn":"Most Recent",
               "recent":"Continue",
               "ok":"OK"
   },
    "help":{
               "help_n_info":"Help and Information",
               "information":"Information",
               "detailinfo":"Information"
   },
    "shopping":{
               "catalog_not_available":"Your selection is currently unavailable."
   },
    "pop_up":{
               "pssPopupText":"Information"
   }
}
